<?xml version="1.0"?>
<!DOCTYPE modification SYSTEM "http://www.simplemachines.org/xml/modification">
<modification xmlns="http://www.simplemachines.org/xml/modification" xmlns:smf="http://www.simplemachines.org/">
	<id>Yoshi2889:RemoveLastEdit</id>
	<version>0.2</version>
	<file name="$themedir/Display.template.php">
		<operation>
			<search position="replace"><![CDATA[&#171; <em>', $txt['last_edit'], ': ', $message['modified']['time'], ' ', $txt['by'], ' ', $message['modified']['name'], '</em> &#187;';]]></search>
			<add><![CDATA[&#171; <em>', $txt['last_edit'], ': ', $message['modified']['time'], ' ', $txt['by'], ' ', $message['modified']['name'];
		
		// Dirty yet beautiful edits.
		if ($settings['show_modify'] && !empty($message['modified']['name']) && $message['can_rlem'])
			echo '; <a href="', $scripturl, '?action=unsetedittime;post=', $message['id'], '">', $txt['remove_edit_sign'], '</a>';
		
		if ($settings['show_modify'] && !empty($message['modified']['name']))	
			echo '</em> &#187;';]]></add>
		</operation>
	</file>
	
	<file name="$sourcedir/Display.php">
		<operation>
			<search position="before"><![CDATA['can_see_ip' => allowedTo('moderate_forum') || ($message['id_member'] == $user_info['id'] && !empty($user_info['id'])),]]></search>
			<add><![CDATA[
		'id_member' => $message['id_member'],
		'can_rlem' => allowedTo('rlem_do_any') || (($message['id_member'] == $context['user']['id']) && allowedTo('rlem_do_own')),]]></add>
		</operation>
	</file>
</modification>