<?xml version="1.0"?>
<!DOCTYPE modification SYSTEM "http://www.simplemachines.org/xml/modification">
<modification xmlns="http://www.simplemachines.org/xml/modification" xmlns:smf="http://www.simplemachines.org/">
	<id>Yoshi2889:RemoveLastEdit</id>
	<version>0.2</version>
	<file name="$languagedir/Modifications.english.php">
		<operation>
			<search position="end" />
			<add><![CDATA[
// Remove "Last edit" mod
$txt['remove_edit_sign'] = 'remove this sign';
$txt['remove_last_edited_error_1'] = 'Invalid resources in function rlem_do, Subs-RemoveLastEditMod.php';
$txt['remove_last_edited_error_2'] = 'You are not allowed to perform this action.';
$txt['remove_last_edited_error_3'] = 'Invalid action call.';
$txt['permissionname_rlem_do'] = 'Remove \'Last edit by ...\' from posts';
$txt['permissionname_rlem_do_own'] = 'Remove \'Last edit by ...\' from own posts';
$txt['permissionname_rlem_do_any'] = 'Remove \'Last edit by ...\' from any post';
$txt['permissiongroup_simple_rlem_simple'] = 'Remove Last Edit Mod permissions';
$txt['permissiongroup_rlem_classic'] = 'Remove Last Edit Mod permissions';
]]></add>
		</operation>
	</file>
</modification>